saved,run_dir,backbone,stage,best_epoch,val_acc,image_size,epochs,ext_ratio,ext_source,sketch_prob,grayscale,train_on_all,val_leaked
2026-09-07 12:02,_archive\models,tf_efficientnetv2_s.in21k_ft_in1k,base,13,96.05,192,20,,,,,False,
2026-09-07 13:24,_archive\models,tf_efficientnetv2_s.in21k_ft_in1k,pseudo1,15,96.62,192,20,,,,,False,
2026-09-08 15:45,v8_painting,convnext_base.clip_laion2b_augreg_ft_in12k_in1k,base,15,98.52,192,16,0.25,,0.0,0.0,False,
2026-09-08 15:45,v8_painting,convnext_base.clip_laion2b_augreg_ft_in12k_in1k,pseudo1,5,98.66,192,16,0.25,,0.0,0.0,False,
2026-09-08 16:26,_archive\models\v8_pseudo2_dead,convnext_base.clip_laion2b_augreg_ft_in12k_in1k,pseudo2,2,98.38,192,16,0.25,,0.0,0.0,False,
2026-09-08 16:26,v7_tiny_noext,convnext_tiny.in12k_ft_in1k,base,12,98.59,192,20,,,0.15,0.15,False,
2026-09-08 16:26,v7_tiny_noext,convnext_tiny.in12k_ft_in1k,pseudo1,20,98.45,192,20,,,0.15,0.15,False,
2026-09-08 16:26,v7_tiny_noext,convnext_tiny.in12k_ft_in1k,pseudo2,7,98.45,192,20,,,0.15,0.15,False,
2026-09-08 16:35,_archive\models\v8c_tiny_ext,convnext_tiny.in12k_ft_in1k,base,10,98.24,192,16,0.25,,0.0,0.0,False,
2026-09-08 16:47,_archive\models\v8c_tiny_ext,convnext_tiny.in12k_ft_in1k,pseudo1,6,98.03,192,16,0.25,,0.0,0.0,False,
2026-09-08 17:49,_archive\models\v8_r35,convnext_base.clip_laion2b_augreg_ft_in12k_in1k,base,14,98.52,192,16,0.35,,0.0,0.0,False,
2026-09-08 17:49,_archive\models\v8_r35,convnext_base.clip_laion2b_augreg_ft_in12k_in1k,pseudo1,16,98.52,192,16,0.35,,0.0,0.0,False,
2026-09-08 18:22,v8_vit,vit_base_patch16_clip_224.laion2b_ft_in12k_in1k,base,13,98.31,192,16,0.25,,0.0,0.0,False,
2026-09-08 18:22,v8_vit,vit_base_patch16_clip_224.laion2b_ft_in12k_in1k,pseudo1,16,98.59,192,16,0.25,,0.0,0.0,False,
2026-09-08 19:46,v8_win_0947,convnext_base.clip_laion2b_augreg_ft_in12k_in1k,base,15,98.52,192,16,0.25,,0.0,0.0,False,
2026-09-08 19:46,v8_win_0947,convnext_base.clip_laion2b_augreg_ft_in12k_in1k,pseudo1,5,98.66,192,16,0.25,,0.0,0.0,False,
2026-09-08 19:46,v8_win_0947,convnext_tiny.in12k_ft_in1k,pseudo2,7,98.45,192,20,,,0.15,0.15,False,
2026-09-08 19:46,v8_win_0947,vit_base_patch16_clip_224.laion2b_ft_in12k_in1k,base,13,98.31,192,16,0.25,,0.0,0.0,False,
2026-09-08 19:46,v8_win_0947,vit_base_patch16_clip_224.laion2b_ft_in12k_in1k,pseudo1,16,98.59,192,16,0.25,,0.0,0.0,False,
2026-09-08 21:20,v8e_paint_inr,convnext_base.clip_laion2b_augreg_ft_in12k_in1k,base,15,98.66,192,16,0.25,painting+inr_v1,0.0,0.0,False,
2026-09-08 21:20,v8e_paint_inr,convnext_base.clip_laion2b_augreg_ft_in12k_in1k,pseudo1,2,98.59,192,16,0.25,painting+inr_v1,0.0,0.0,False,
2026-09-08 21:20,v8e_paint_inr,convnext_tiny.in12k_ft_in1k,base,9,97.89,192,16,0.25,painting+inr_v1,0.0,0.0,False,
2026-09-08 21:20,v8e_paint_inr,convnext_tiny.in12k_ft_in1k,pseudo1,5,98.03,192,16,0.25,painting+inr_v1,0.0,0.0,False,
2026-09-08 21:20,v8e_paint_inr,vit_base_patch16_clip_224.laion2b_ft_in12k_in1k,base,10,98.52,192,16,0.25,painting+inr_v1,0.0,0.0,False,
2026-09-08 21:20,v8e_paint_inr,vit_base_patch16_clip_224.laion2b_ft_in12k_in1k,pseudo1,13,98.31,192,16,0.25,painting+inr_v1,0.0,0.0,False,
2026-09-08 23:16,_archive\models\v8f_paint_inr_sketch,convnext_base.clip_laion2b_augreg_ft_in12k_in1k,base,4,98.59,192,16,0.25,painting+inr+sketch_v2,0.0,0.0,False,
2026-09-08 23:16,_archive\models\v8f_paint_inr_sketch,convnext_base.clip_laion2b_augreg_ft_in12k_in1k,pseudo1,11,98.66,192,16,0.25,painting+inr+sketch_v2,0.0,0.0,False,
2026-09-08 23:16,_archive\models\v8f_paint_inr_sketch,convnext_tiny.in12k_ft_in1k,base,7,98.1,192,16,0.25,painting+inr+sketch_v2,0.0,0.0,False,
2026-09-08 23:16,_archive\models\v8f_paint_inr_sketch,convnext_tiny.in12k_ft_in1k,pseudo1,10,98.03,192,16,0.25,painting+inr+sketch_v2,0.0,0.0,False,
2026-09-08 23:16,_archive\models\v8f_paint_inr_sketch,vit_base_patch16_clip_224.laion2b_ft_in12k_in1k,base,7,98.45,192,16,0.25,painting+inr+sketch_v2,0.0,0.0,False,
2026-09-08 23:16,_archive\models\v8f_paint_inr_sketch,vit_base_patch16_clip_224.laion2b_ft_in12k_in1k,pseudo1,16,98.24,192,16,0.25,painting+inr+sketch_v2,0.0,0.0,False,
2026-09-09 01:27,v8g_r35,convnext_base.clip_laion2b_augreg_ft_in12k_in1k,base,3,98.31,192,16,0.35,painting+inr_v1,0.0,0.0,False,
2026-09-09 01:27,v8g_r35,convnext_base.clip_laion2b_augreg_ft_in12k_in1k,pseudo1,15,98.24,192,16,0.35,painting+inr_v1,0.0,0.0,False,
2026-09-09 01:27,v8g_r35,convnext_tiny.in12k_ft_in1k,base,7,97.89,192,16,0.35,painting+inr_v1,0.0,0.0,False,
2026-09-09 01:27,v8g_r35,convnext_tiny.in12k_ft_in1k,pseudo1,10,98.24,192,16,0.35,painting+inr_v1,0.0,0.0,False,
2026-09-09 01:27,v8g_r35,vit_base_patch16_clip_224.laion2b_ft_in12k_in1k,base,8,98.24,192,16,0.35,painting+inr_v1,0.0,0.0,False,
2026-09-09 01:27,v8g_r35,vit_base_patch16_clip_224.laion2b_ft_in12k_in1k,pseudo1,14,98.31,192,16,0.35,painting+inr_v1,0.0,0.0,False,
2026-09-09 03:51,_archive\models\C_all_r25,convnext_base.clip_laion2b_augreg_ft_in12k_in1k,base,16,99.93,192,16,0.25,painting+inr_v1,0.0,0.0,True,YES
2026-09-09 03:51,_archive\models\C_all_r25,convnext_base.clip_laion2b_augreg_ft_in12k_in1k,pseudo1,16,98.45,192,16,0.25,painting+inr_v1,0.0,0.0,True,YES
2026-09-09 03:51,_archive\models\C_all_r25,convnext_tiny.in12k_ft_in1k,base,16,99.93,192,16,0.25,painting+inr_v1,0.0,0.0,True,YES
2026-09-09 03:51,_archive\models\C_all_r25,convnext_tiny.in12k_ft_in1k,pseudo1,16,98.38,192,16,0.25,painting+inr_v1,0.0,0.0,True,YES
2026-09-09 03:51,_archive\models\C_all_r25,vit_base_patch16_clip_224.laion2b_ft_in12k_in1k,base,16,99.93,192,16,0.25,painting+inr_v1,0.0,0.0,True,YES
2026-09-09 03:51,_archive\models\C_all_r25,vit_base_patch16_clip_224.laion2b_ft_in12k_in1k,pseudo1,16,98.24,192,16,0.25,painting+inr_v1,0.0,0.0,True,YES
2026-09-09 04:54,_archive\models\C_all_r25_fixed,convnext_base.clip_laion2b_augreg_ft_in12k_in1k,base,16,99.93,192,16,0.25,painting+inr_v1,0.0,0.0,True,YES
2026-09-09 04:54,_archive\models\C_all_r25_fixed,convnext_base.clip_laion2b_augreg_ft_in12k_in1k,pseudo1,16,99.93,192,16,0.25,painting+inr_v1,0.0,0.0,True,YES
2026-09-09 04:54,_archive\models\C_all_r25_fixed,convnext_tiny.in12k_ft_in1k,base,16,99.93,192,16,0.25,painting+inr_v1,0.0,0.0,True,YES
2026-09-09 04:54,_archive\models\C_all_r25_fixed,convnext_tiny.in12k_ft_in1k,pseudo1,16,99.86,192,16,0.25,painting+inr_v1,0.0,0.0,True,YES
2026-09-09 04:54,_archive\models\C_all_r25_fixed,vit_base_patch16_clip_224.laion2b_ft_in12k_in1k,base,16,99.93,192,16,0.25,painting+inr_v1,0.0,0.0,True,YES
2026-09-09 04:54,_archive\models\C_all_r25_fixed,vit_base_patch16_clip_224.laion2b_ft_in12k_in1k,pseudo1,16,99.93,192,16,0.25,painting+inr_v1,0.0,0.0,True,YES
2026-09-09 06:38,(root/latest),convnext_tiny.in12k_ft_in1k,pseudo1,16,99.93,192,16,0.35,painting+inr_v1,0.0,0.0,True,YES
2026-09-09 08:41,_archive\models\C_all_r35,convnext_base.clip_laion2b_augreg_ft_in12k_in1k,base,16,99.93,192,16,0.35,painting+inr_v1,0.0,0.0,True,YES
2026-09-09 08:41,_archive\models\C_all_r35,convnext_base.clip_laion2b_augreg_ft_in12k_in1k,pseudo1,16,99.93,192,16,0.35,painting+inr_v1,0.0,0.0,True,YES
2026-09-09 08:41,_archive\models\C_all_r35,convnext_tiny.in12k_ft_in1k,base,16,99.93,192,16,0.35,painting+inr_v1,0.0,0.0,True,YES
2026-09-09 08:41,_archive\models\C_all_r35,convnext_tiny.in12k_ft_in1k,pseudo1,16,99.93,192,16,0.35,painting+inr_v1,0.0,0.0,True,YES
2026-09-09 08:41,_archive\models\C_all_r35,vit_base_patch16_clip_224.laion2b_ft_in12k_in1k,base,16,99.93,192,16,0.35,painting+inr_v1,0.0,0.0,True,YES
2026-09-09 08:41,_archive\models\C_all_r35,vit_base_patch16_clip_224.laion2b_ft_in12k_in1k,pseudo1,16,99.93,192,16,0.35,painting+inr_v1,0.0,0.0,True,YES
2026-09-09 12:15,v9_large,convnext_large_mlp.clip_laion2b_augreg_ft_in1k,base,12,98.94,192,16,0.25,painting+inr_v1,0.0,0.0,False,
2026-09-09 12:15,v9_large,convnext_large_mlp.clip_laion2b_augreg_ft_in1k,pseudo1,15,98.87,192,16,0.25,painting+inr_v1,0.0,0.0,False,
2026-09-09 13:10,(root/latest),convnext_tiny.in12k_ft_in1k,base,9,97.89,192,16,0.25,painting+inr_v1,0.0,0.0,False,
2026-09-09 15:45,v10_distil,convnext_base.clip_laion2b_augreg_ft_in12k_in1k,pseudo1,7,98.38,192,16,0.25,painting+inr_v1,0.0,0.0,False,
2026-09-09 15:45,v10_distil,convnext_large_mlp.clip_laion2b_augreg_ft_in1k,pseudo1,13,98.87,192,16,0.25,painting+inr_v1,0.0,0.0,False,
2026-09-09 15:45,v10_distil,vit_base_patch16_clip_224.laion2b_ft_in12k_in1k,pseudo1,7,98.38,192,16,0.25,painting+inr_v1,0.0,0.0,False,
2026-09-10 02:00,(root/latest),convnext_large_mlp.clip_laion2b_augreg_ft_in1k,base,16,99.01,192,16,0.25,painting+inr_v1_distil2,0.0,0.0,False,
2026-09-10 02:16,(root/latest),convnext_base.clip_laion2b_augreg_ft_in12k_in1k,base,7,98.38,192,16,0.25,painting+inr_v1_distil2,0.0,0.0,False,
2026-09-10 02:27,(root/latest),vit_base_patch16_clip_224.laion2b_ft_in12k_in1k,base,16,98.59,192,16,0.25,painting+inr_v1_distil2,0.0,0.0,False,
2026-09-10 03:26,(root/latest),convnext_large_mlp.clip_laion2b_augreg_ft_in1k,pseudo1,11,99.08,192,16,0.25,painting+inr_v1_distil2,0.0,0.0,False,
2026-09-10 03:54,(root/latest),convnext_base.clip_laion2b_augreg_ft_in12k_in1k,pseudo1,4,98.03,192,16,0.25,painting+inr_v1_distil2,0.0,0.0,False,
2026-09-10 04:16,(root/latest),vit_base_patch16_clip_224.laion2b_ft_in12k_in1k,pseudo1,6,98.17,192,16,0.25,painting+inr_v1_distil2,0.0,0.0,False,
2026-09-10 04:17,A_distil2,convnext_base.clip_laion2b_augreg_ft_in12k_in1k,pseudo1,4,98.03,192,16,0.25,painting+inr_v1_distil2,0.0,0.0,False,
2026-09-10 04:17,A_distil2,convnext_large_mlp.clip_laion2b_augreg_ft_in1k,pseudo1,11,99.08,192,16,0.25,painting+inr_v1_distil2,0.0,0.0,False,
2026-09-10 04:17,A_distil2,vit_base_patch16_clip_224.laion2b_ft_in12k_in1k,pseudo1,6,98.17,192,16,0.25,painting+inr_v1_distil2,0.0,0.0,False,
2026-09-10 08:57,_root_cache_stepA,convnext_base.clip_laion2b_augreg_ft_in12k_in1k,base,7,98.38,192,16,0.25,painting+inr_v1_distil2,0.0,0.0,False,
2026-09-10 08:57,_root_cache_stepA,convnext_base.clip_laion2b_augreg_ft_in12k_in1k,pseudo1,4,98.03,192,16,0.25,painting+inr_v1_distil2,0.0,0.0,False,
2026-09-10 08:57,_root_cache_stepA,convnext_large_mlp.clip_laion2b_augreg_ft_in1k,base,16,99.01,192,16,0.25,painting+inr_v1_distil2,0.0,0.0,False,
2026-09-10 08:57,_root_cache_stepA,convnext_large_mlp.clip_laion2b_augreg_ft_in1k,pseudo1,11,99.08,192,16,0.25,painting+inr_v1_distil2,0.0,0.0,False,
2026-09-10 08:57,_root_cache_stepA,convnext_tiny.in12k_ft_in1k,base,9,97.89,192,16,0.25,painting+inr_v1,0.0,0.0,False,
2026-09-10 08:57,_root_cache_stepA,convnext_tiny.in12k_ft_in1k,pseudo1,16,99.93,192,16,0.35,painting+inr_v1,0.0,0.0,True,YES
2026-09-10 08:57,_root_cache_stepA,vit_base_patch16_clip_224.laion2b_ft_in12k_in1k,base,16,98.59,192,16,0.25,painting+inr_v1_distil2,0.0,0.0,False,
2026-09-10 08:57,_root_cache_stepA,vit_base_patch16_clip_224.laion2b_ft_in12k_in1k,pseudo1,6,98.17,192,16,0.25,painting+inr_v1_distil2,0.0,0.0,False,
2026-09-10 09:24,(root/latest),convnextv2_base.fcmae_ft_in22k_in1k,base,6,98.8,192,16,0.25,painting+inr_stepB,0.0,0.0,False,
2026-09-10 10:11,(root/latest),convnextv2_base.fcmae_ft_in22k_in1k,pseudo1,6,98.94,192,16,0.25,painting+inr_stepB,0.0,0.0,False,
2026-09-10 10:13,B_cnv2,convnextv2_base.fcmae_ft_in22k_in1k,base,6,98.8,192,16,0.25,painting+inr_stepB,0.0,0.0,False,
2026-09-10 10:13,B_cnv2,convnextv2_base.fcmae_ft_in22k_in1k,pseudo1,6,98.94,192,16,0.25,painting+inr_stepB,0.0,0.0,False,
2026-09-10 15:32,C_cnv2L,convnextv2_large.fcmae_ft_in22k_in1k,base,3,99.44,192,16,0.25,painting+inr_cnv2L,0.0,0.0,False,
2026-09-10 15:59,(root/latest),vit_base_patch16_224.mae,base,14,95.07,192,16,0.25,painting+inr_gray_maevit,0.0,0.3,False,
2026-09-10 16:22,(root/latest),vit_base_patch16_224.mae,pseudo1,16,95.84,192,16,0.25,painting+inr_gray_maevit,0.0,0.3,False,
2026-09-10 16:26,D_gray_maevit,vit_base_patch16_224.mae,base,14,95.07,192,16,0.25,painting+inr_gray_maevit,0.0,0.3,False,
2026-09-10 16:26,D_gray_maevit,vit_base_patch16_224.mae,pseudo1,16,95.84,192,16,0.25,painting+inr_gray_maevit,0.0,0.3,False,
2026-09-11 04:47,(root/latest),convnextv2_huge.fcmae_ft_in22k_in1k_384,base,6,98.94,192,10,0.25,painting+inr_cnv2huge,0.0,0.3,False,
2026-09-11 04:51,E_huge,convnextv2_huge.fcmae_ft_in22k_in1k_384,base,6,98.94,192,10,0.25,painting+inr_cnv2huge,0.0,0.3,False,
2026-09-11 08:46,C_cnv2L,convnextv2_large.fcmae_ft_in22k_in1k,pseudo1,7,98.94,192,16,0.25,painting+inr_cnv2L,0.0,0.0,False,
2026-09-11 14:10,seed4242,convnextv2_large.fcmae_ft_in22k_in1k,pseudo1,10,99.08,192,16,0.25,painting+inr_cnv2L,0.0,0.0,False,
2026-09-12 18:39,(root/latest),convnextv2_large.fcmae_ft_in22k_in1k,base,8,99.08,256,16,0.3,painting+inr_trio_bal030,0.0,0.0,False,
2026-09-12 22:43,(root/latest),convnextv2_large.fcmae_ft_in22k_in1k,pseudo1,1,99.08,256,16,0.3,painting+inr_trio_bal030,0.0,0.0,False,
2026-09-13 17:21,(root/latest),convnext_large.dinov3_lvd1689m,base,1,98.45,192,16,0.3,painting+inr_dinov3_layerdecay,0.0,0.0,False,
2026-09-13 18:05,(root/latest),convnext_large.dinov3_lvd1689m,base,1,98.59,192,16,0.3,painting+inr_dinov3_flat2e5,0.0,0.0,False,
2026-09-13 19:14,(root/latest),convnext_large.dinov3_lvd1689m,pseudo1,1,98.52,192,16,0.3,painting+inr_dinov3_flat2e5,0.0,0.0,False,
2026-09-14 06:51,softkd_ACD3,convnextv2_large.fcmae_ft_in22k_in1k,pseudo1-softkd,6,99.30,192,16,0.25,painting+inr_cnv2L,0.0,0.0,False,
2026-09-14 ,dinov2vitl,vit_large_patch14_reg4_dinov2.lvd142m,base,6,99.44,196,16,0.30,painting+inr_dinov2vitl,0.0,0.0,False,
2026-09-14 13:02,dinov2vitlps1,vit_large_patch14_reg4_dinov2.lvd142m,pseudo1,2,99.30,196,16,0.30,painting+inr_dinov2vitl,0.0,0.0,False,
2026-09-14 14:52,cnv2Lps1_V2Pteach,convnextv2_large.fcmae_ft_in22k_in1k,pseudo1,15,99.01,192,16,0.30,painting+inr_V2Pteacher,0.0,0.0,False,
2026-09-14 16:50,dinov3vitl,vit_large_patch16_dinov3.lvd1689m,base,4,99.51,192,16,0.30,painting+inr_dinov3vitl,0.0,0.0,False,
2026-09-14 18:58,dinov3vitlps1,vit_large_patch16_dinov3.lvd1689m,pseudo1,6,99.51,192,16,0.30,painting+inr_dinov3vitl,0.0,0.0,False,
2026-09-15 13:40,dinov3vitl_lpft,vit_large_patch16_dinov3.lvd1689m,base-lpft2,3,99.51,192,16,0.30,painting+inr_dinov3vitl,0.0,0.0,False,
2026-09-15 15:25,siglip2vitl,vit_large_patch16_siglip_gap_256.v2_webli,base,8,97.89,192,16,0.30,painting+inr_siglip2vitl,0.0,0.0,False,
2026-09-15 20:32,websslvitl,facebook/webssl-dino300m-full2b-224 (converted to timm),base,7,97.82,196,16,0.30,painting+inr_websslvitl,0.0,0.0,False,
2026-09-17 16:59,eva02l,eva02_large_patch14_448.mim_m38m_ft_in22k_in1k,base,4,99.3,196,16,0.30,painting+inr_eva02l,0.0,0.0,False,
2026-09-17 20:17,eva02lps1,eva02_large_patch14_448.mim_m38m_ft_in22k_in1k,pseudo1,2,99.51,196,16,0.30,painting+inr_eva02l,0.0,0.0,False,
2026-09-17 22:50,dinov3vitlps1b,vit_large_patch16_dinov3.lvd1689m,pseudo1 (teacher V2P+EVAP),4,99.51,192,16,0.30,painting+inr_dinov3vitl,0.0,0.0,False,
